{
    "enabled": "1",
    "pages": [
        "index"
    ],
    "groups": [
        "2",
        "3",
        "1",
        "4",
        "guests"
    ],
    "items": {
        "1": {
            "title": "Slide #1",
            "description": "This carousel can be configured via Staff Panel",
            "image": "https:\/\/cesium.xemah.com\/assets\/carousel_1.png"
        },
        "2": {
            "title": "Slide #2",
            "description": "This carousel can be configured via Staff Panel",
            "image": "https:\/\/cesium.xemah.com\/assets\/carousel_2.png"
        },
        "3": {
            "title": "Slide #3",
            "description": "This carousel can be configured via Staff Panel",
            "image": "https:\/\/cesium.xemah.com\/assets\/carousel_3.png"
        }
    }
}