{
    "header": "1",
    "logoAnimation": "1",
	"mcServer": "1",
    "discordServer": "1",
    "headerBackground": "https:\/\/cesium.xemah.com\/assets\/background.png",
    "logoURL": "https:\/\/cesium.xemah.com\/assets\/logo.png",
    "logoAlt": "NamelessMC",
    "siteTitle": "NamelessMC",
    "siteDescription": "An official website of {$SITE_NAME} community.",
    "siteImage": "https:\/\/cesium.xemah.com\/assets\/icon.png",
    "siteFavicon": "https:\/\/cesium.xemah.com\/assets\/icon.png",
    "navbarStyle": "auto",
    "guestDropdown": "1",
    "panelInDropdown": "0",
	"footerContent": "\u00a9 <strong><a href=\"{$SITE_URL}\">{$SITE_NAME}<\/a><\/strong> {$YEAR}\r\nForum Software <strong><a href=\"https:\/\/github.com\/NamelessMC\/Nameless\">NamelessMC<\/a><\/strong> By <strong><a href=\"https:\/\/samerton.me\">Samerton<\/a><\/strong>\r\n<strong>Cesium Template<\/strong> By <strong><a href=\"https:\/\/xemah.com\">Xemah<\/a><\/strong>"
}